"Y","A","V1","V2","V3","V4","V5","V6","V7","V8","V9","V10","V11","V12","V13","V14","V15","V16","V17","V18","V19","V20","V21","V22"
19.6788576585309,0,1.59,0,0,0,0.24,1.35,0.73,2.58,0.61,0,0,0.61,0.12,0,4.55,0,1.72,0,0.49,0.98,0,1.30968325874805
17.8429888928599,0,0,0,0,0,0,0,0,1.62,0.27,0,0,0,0.27,0,4.87,0,0.81,0.27,0.27,0,0,1.71954713511413
22.1087878599591,1,0,0,0,0,0,0,0,0,0,0,0,0,0,0,0,0,2.12,0,0,0,2.12,0.996210355050029
15.355898697185,0,0,0,0,0.56,0,0,0,0,0,0,0,0,0,0,1.12,0,0,0,0,0,0,1.50407739677627
16.7878128293107,1,1.81,0,0,0,0,0,0,1.81,0,0,0,0,0,0,0,0,0,0,0,0,0,0.327863862084613
11.3787536368308,0,0,0,0,0,0,0,0,0,0,0,0,0,0,0,0,0,0,0,0,0,0,0.405465108108164
14.6893511235102,0,0.43,0.86,0,0,0,0,0,0,0,0,0,0,0,0,2.17,0,0,0,0,0,0,1.07261048612911
19.0827599058392,1,0.19,0.19,0,0,0.38,0.19,0,2.32,0,0,0,0.19,0,0,2.51,0,1.16,0,0,0,0.19,0.732367893713227
11.4749763089231,0,0,0,0,0,0,0,0,0,0,0,0,0,0,0,0,0,0,0,0,0,0,0
24.6583942569257,1,0.05,0.13,0.05,0.26,0.44,0.76,0.26,0.97,0.58,1.26,0,0.26,0.44,0,3.24,0,1.5,0,1.02,0.34,0,1.79923148406676
18.5279301571845,1,0,0,0,0,0,0,0,0,0,0,0,0,0,0,2.32,0,1.16,0,0,0,0,0.75377180237638
16.3884732097533,0,0,0,0,0,0,4.25,0,0,0,0,0,0,0,0,0,0,0,0,0,0,0,1.46626014275777
16.7514370020367,0,0.12,0,0,0.06,0.06,0,0.12,0.66,0,0,0,0.06,0.18,0.06,0.6,0,0.78,0,0,0,1.99,0.679048256180444
17.2164463998551,0,0,0,0,0,0,0,0,0,0,0,0,0,0,0,1.62,0,0.81,0,0,0,0.81,0.671923544108319
22.7666453922642,1,2.15,0.15,0,0,0.1,0.75,0.35,0.85,0.25,0,0,0.15,0.3,0,5,0,1.75,0,0.05,0.8,0,1.28895712823093
17.5344551675525,0,0,0,0,0,0,0,0,0,1.47,0,0,0,0,0,2.94,0,2.94,0,0,0,0,1.4614018336067
22.7625199746552,1,0,0.4,0,0.2,1.43,0.61,0,0.2,0,0,0,0,0,0,2.66,0.2,2.04,0,0,0.61,0,2.48156774852249
26.7246498140034,1,0.43,0,0.86,0,0,0,0,0.43,0,0,0,0,0.86,0.43,1.29,0,4.76,0,0,1.29,0,1.35866619400242
20.1312405598102,0,0,0,0,0,0.48,0,0.48,0,0,0,0,0.48,0.48,0,1.44,0,2.88,0,0.96,0,0,0.633397176154171
15.7216794734879,0,0.63,0.17,0,0,0.75,0.23,0.34,1.27,0.34,0,0,0.58,0.05,0.17,3.01,2.61,1.5,0,0.17,0.34,0,1.44101926080914
19.2506001784197,1,0.76,0,0.5,0.5,0,1.01,0,0.25,1.52,0,0.76,0,0,1.52,2.03,0,1.52,0,0.76,0,0,0.892407791410823
14.063500800613,0,1.17,0,0,0,0,1.17,0,0,0,0,0,0,0,0,2.35,0,0,0,0,0,0,0.438899884194402
12.4905157788866,0,0,0,0,0,0,0,0,0,0,0,0,0,0,0,3.7,0,0,0,0,0,0,0.405465108108164
16.484233259584,0,0.35,0,0.17,0,0,0.53,0.17,0,0.17,0,0.35,0.17,0,1.07,0.17,0.17,0.71,0,0,0,0,2.0184965560524
19.3940052581345,1,0.8,0.8,0.5,0,0.8,0.1,0.3,0.7,0.3,0,1.61,0.1,0,1.11,1.31,0.2,0.7,0,0.6,0.1,0,2.14593128294867
15.3750408787599,0,0.32,0.32,0,0,0,0,0,0,1.29,0,0,0,0.32,0,0.97,0,0.32,0,0,0,0.32,0.717839793150317
15.1402486958246,0,0,0,0,0,0,0,0,0,0,0,0,0,0,0,0,0,0,0,0,0,2.06,0.796154930634174
18.1999128588936,0,0,0,0,0,0,0,0,0,0,0,0,0,0,0,0,0,0,0,0,0,2.17,1.43698747543541
20.9513968276359,1,0,0,0,0,0.62,1.25,0,0,0,0,0,0,0,0,1.87,0,1.25,0,0,0,1.87,0.805582609889734
20.3792928421949,0,2.5,0,0,0,0,0,0,0.62,0,0,0,0,1.25,0,3.12,0,0.62,0,0,0,0,0.747161768866184
15.4848851560424,0,0,0.77,0,0.38,0,0,0.38,1.16,0,0,0,0.38,0,1.16,1.93,0,0.38,0,1.16,0.38,0,0.980579221756517
25.9525439774374,0,0,0,1.33,0,0,0,0,0,0,0,0,0,0,0,1.33,0,5.33,0,0,0,0,3.37159691188586
18.0650926902187,0,0.24,0,0,0.73,0,0,0,0.49,0,0,0,0,0,0,4.9,0,1.22,0,0,0,0,0.720275847948198
14.611549354962,0,0,0,0,0,0,0,0,1.29,0,0,0,0,0,0.43,1.29,0,1.29,0,0,0,0,0.375692949774494
18.0627742657036,1,0,0,0,0,0,0,0,0,0,0,0,0,0,0,4.76,0,0.95,0,0,0,0,0.0732504617395927
13.931741625493,0,0,0,0,0.54,0,0.27,0,0.27,0,0,0,1.08,0,0.27,1.08,0,0.27,0,0.27,0.54,0,1.07636667972079
14.2598197519955,0,0.84,0,0,0,0,0,0,1.68,0,0,0,0.42,0,0.42,1.68,0,0.42,0,0,0,0,0.396760667478018
13.0959268909373,0,0,0,0,0,0,0,0,0.26,0.53,0,0,0,0.53,0,0.53,0,0,0,0,0,0.8,0.396760667478018
20.9007178345639,1,0.04,0.16,0,0.04,0.16,0.52,0.08,1.04,0,0,0,0.24,0.04,0,0.68,0,0.88,0,0.04,0,1.76,0.684610849537659
15.1250242705771,0,0,0.25,0,0,0,0.12,0,0,0.25,0,0,0.25,0.25,0.38,1.78,0,0.51,0,0,0,0,0.495915011030236
21.3921694919491,0,0.14,0,0,0.43,0,0,0.14,1.43,0.07,0,0,0,0.93,0,0,0,0,0,0,0,4.3,0.872965607135781
19.0937842047338,0,0,0,0,0,0,0,0,0,1.44,0,0,1.44,0,0,5.79,0,1.44,0,1.44,0,0,0.768718367407019
16.8726116010578,0,0.63,0.17,0,0,0.75,0.23,0.34,1.27,0.34,0,0,0.58,0.05,0.17,3.01,2.61,1.5,0,0.17,0.34,0,1.44101926080914
20.3590067862195,1,0.51,0.51,0.51,0,0,0,0,0,0,0,0,0,1.03,1.03,3.1,0,1.03,0,0,0,0,0.572673027092071
27.4239682915804,0,2.19,0,1.09,0,0,0,0,0.54,0.54,0,0,0.54,3.29,0,3.84,0,1.64,0,0,0,0,1.61879400735813
29.3917545329206,1,1.16,0,0,0,0.58,0.38,0,0,0,0,0,0,0,0,0.19,0.38,0.58,0,0,0,0.19,6.92902741425768
14.680978444936,0,0,0,0,0,0,0,0,0,0,0,0,0,0,0,0,0,0,0,0,0,0,1.247606841346
12.2812644932722,0,0,1.05,0,0,0,0,0,0.52,0,0,0,0,0,0,0,0,0,0,0,0,0,0.98394938034797
17.7994583184572,0,0,0.53,0.53,0,0,0,0,0,0,0,0,0,0,1.6,2.67,0,1.6,0,0,0,0,0.75659135311648
18.9286747256165,0,0,0.11,0.11,0,0.22,0.11,0.11,0.22,0.89,0,0,0.44,0.44,0,4.68,0,1.56,0,0.11,1.11,0,1.75474964359415
15.9694788772791,0,0,0,0,0,0,1.05,0,0,0,0,0,0,0,0,0,0,0,0,0,0,1.05,1.27284566861231
18.1169227594691,0,0,0,0,0,0,1.86,0,1.24,0,0,0,0,0,0,0,0,0,0,0,0,2.48,0.966983846189673
18.7200203504679,0,0,0,0,0,0,0,0,0,0,0,0,0,0,0.84,0,0,0,0,0,0,2.54,1.70747165270547
13.1069136019191,0,0,0,0,0,0,0.57,0,1.43,0,0,0,0,0,0,0,0,0.28,0,0,0,0.28,1.065400154462
42.803189127612,0,0,0,0,0,0,0,0,0,0,0,0,0,0,0,0,0,0,0,0,0,16.66,1.13943428318836
12.4484287528282,0,0,0.31,0,0,0,0,0,1.88,0,0,0,0,0,0,0.62,0,0,0,0,0,0,0.132781111233818
21.7231385385884,0,0,0,0,0,0,0,0,0,0,0,0,0,0,0,0.93,0,0.46,0,0,0,4.2,0.909064686782416
22.6430610366991,1,1.59,0,0,0,0.24,1.35,0.73,2.58,0.61,0,0,0.61,0.12,0,4.55,0,1.72,0,0.49,0.98,0,1.30968325874805
19.5885190829423,0,0.56,0,0,0,1.01,0.56,0.11,1.79,0.22,0.11,0,0.11,0.22,0.89,1.79,0,2.8,0,0,0,0.11,0.766862218382226
18.2909482248408,0,0.6,0.2,0.4,0.1,1.41,0.8,0.1,0.5,0,0,0,0.1,0,1.11,2.22,0.4,1.92,0,0,0.3,0,1.15467751260106
10.5375605510904,0,0,0,0,0,0,0,0,0,0,0,0,0,0,0,0,0,0,0,0,0,0,0.559615787935423
20.6946317125838,1,0.87,0.87,0,0,0,0.43,0,2.18,0,0,0,0,1.74,0,0.87,0,0.87,0,0,0.43,0,1.63198187686899
15.3051534414218,0,0.32,0.64,0,0,0,0.64,0,0.32,0,0,0,0,0,0,1.94,0,0,0,0,0,0,1.2290555846934
16.6573687256721,0,0,1.12,0,0,0,0,0,0,0,0,0,0,0,0,2.24,0,0,0,0,0,0,0.936485439159674
15.3767864240906,0,0,0,0,0,0,0,0,3.57,0,0,0,0,0,1.78,1.78,0,0,0,0,0,1.78,0.871711688476188
19.8020580923341,1,0,0,0.25,0,0.77,1.55,0,0.51,0,0,0,0.25,0,0,1.55,0,0.51,0,0,0,0,2.26519470377549
22.3132514111451,1,0,0,0,0,0,2.77,0,0,0,0,0,0,0,0,2.77,0,5.55,0,0,0,0,0.193920692637306
22.6979269068797,1,0,0,0,0,0,0,0,0,0,0,0,0,0,0,2.12,0,2.12,0,0,0,0,2.59024216513332
14.1369226938026,0,0,0,0,0,0,0,0,0,0,0,0,0,0,0,1.45,0,0,0,0,0,0.72,0.859085258103376
27.0465967222509,0,0,0,0,0,0,0,0,0,0,0,0,0,0,0,1.08,0,0,0,0,0,7.6,0.884180677955921
16.1307548388517,0,0.43,0,0.86,0,1.3,0.86,0,1.3,0,0,0,0,0,0,0.43,0,0,0,0,0,0,1.45791710479286
18.2122175664093,0,0.64,0.64,0.32,0.64,0,0,0,0.32,0.32,0,0,0.32,0.32,0,2.27,0,3.24,0,0,0.32,0,0.401457086710626
17.3708424534637,0,0.32,0,0,0,0,0,0,0.64,0,0,0,0.32,0,1.29,1.93,0,0.96,0,0,0,0,1.32335456134602
13.3304976250117,0,0.67,0,0,0,0,0,0,0,0,0,0,0,0,0,1.34,0,0,0,0,0,0,0.888713964103921
9.87028120042045,0,0,0,0,1.17,0,0,0,0,0,0,0,0,0,0,0,0,0,0,0,0,0,0.257738196078709
24.4513728538994,1,2.17,0,0,0,0,0,0,2.17,0,0,0,2.17,0,2.17,6.52,0,2.17,0,0,0,0,0.287432041196572
13.3960886692454,0,0,0,0,0,0,0,0,0,0,0,0,0,0,0,0.5,0,0,0,0,0,1.01,0.53766227771955
16.2322866703776,0,0.29,0,0,0.29,0,0,0.29,1.45,0,0,0,0,0.58,0,1.16,0,1.45,0,0,0,0.87,0.425921116675547
19.6524109020291,0,1.36,0.45,0.45,0,0,0,0,0,0.45,0,0,0.45,0.45,0.45,1.81,0,0.9,0,0,0,0,1.71757457103868
25.8739817951249,1,0,0,0,0,0,0,0,0,0,2.94,0,0,0,0,2.94,0,2.94,0,0,0,0,0
14.2444912898842,0,0,0,0,0,0,0,0,1.07,0,0,0,0,0,0,0,0,0,0,0,0,0,0.772882148578799
17.5187047638648,0,2,0,0,0.66,0,0,0,2,1.33,0,0.66,0,0,6.66,3.33,0,1.33,0,0,0,0,0.757529439489213
10.6071367138867,0,0,0,0,0,0,0,0,1.2,0,0,0,0,0,0,0,0,0,0,0,0,0,0.427226599889677
27.4152205773808,1,2.06,0,1.65,0.82,0,0,0,0,0,0,0,2.47,0,0.82,2.47,0,0.82,0,0,0,0,2.76581583795235
24.6638585566176,1,0.53,0,0,0.53,0.19,1.12,0.26,0.73,0.66,0,0.06,0.26,0.13,0.26,3.78,0,3.32,0,0.39,0.26,0,2.58286483567906
17.8858622632086,0,0,0.57,0,0.57,1.15,1.15,0,0.38,0.38,0,1.15,0.19,0.19,2.11,2.11,1.15,1.15,0,1.34,0.77,0,2.66764478646717
40.8085328143951,1,1.21,0,1.21,1.21,1.21,1.21,1.21,1.21,0,0,0,0,4.87,0,2.43,1.21,4.87,0,0,0,0,4.65077432779311
12.1492545238852,0,0,0,0,0,0,0,0,0,0,0,0,0,0,0,1.44,0,0,0,0,0,0,0.521171915820135
13.3408012893179,0,0,0,0,0,0,0,0,1.88,0,0,0,0,0,0,1.88,0,1.88,0,0,0,0,0
22.7948954553134,1,0.19,0,0,0,0,0.59,0.39,0.19,0,0.19,0,0,0,0.79,2.79,0,1.99,0,0,0,1.79,1.31264782095159
8.00745611310351,0,0,0,0,0,0,0,0,0,0,0,0,0,0,0,0,0,0,0,0,4.16,0,0.356274863917393
11.0164075867602,0,0,0,0,0,0,0,0,0,0,0,0,0,0,0,0,0,0,0,0,0,0,0.153579087928301
21.0905583259943,1,0,0,0,0,0,1.42,0,0,0,0,0,0,0,0,4.28,0,0,0,0,0,0,1.2683550632552
15.4707942991387,0,0,0,0,1.12,0,0,0,0,0,0,0,0,0,0,0,0,0,0,1.12,0,0,1.41098697371026
17.3028113186478,0,0.91,0,0,0,0,0,0,0.91,0.6,0,0,0,0,0,1.21,0,1.82,0,0,0,0.3,0.798407691217438
20.487526813728,0,0,0,0,0.67,0,0,0,1.35,0,0,0,0.67,0,0,4.05,0,2.02,0,0,0,0.67,1.18478998490916
21.4455077656177,1,0,0,0,0,0,0,0,0,0,0,0,0,0,0,18.75,0,0,0,0,0,0,0
33.7841804345562,1,0.45,0.45,0.45,0,0,0,0,0.45,0,0,0,0,0,0,0.9,0,0.45,9.5,0,0,0,2.14206416615894
25.9190430527281,0,0,0,0,0,0,0,0,0,0,0,0,0,0,3.57,0,0,0,0,0,0,7.14,0.522951803563831
17.9013730710253,0,0,0,0,0,0,0,0,0,0,0,0,0,0,0,6.75,0,1.35,0,0,0,0,0.648672690458116
14.1319014807361,0,0,0,0,0,0,0,0,0,0,0,0,0,0,0,1.55,0,1.16,0,0,0,0,0.432431556337979
15.3396382858361,0,0,0,0,0,0,0,0,0,0,0,0,0,0,0,4.76,0,0,0,0,0,0,0.587786664902119
20.4552529375377,0,0,0,0,0,0,0,0,0.88,1.32,0,0,0,0,0.88,3.96,0,3.08,0,0.44,0,0,1.29910114941751
24.9274399028889,1,0.05,0.15,0.05,0.23,0.44,0.76,0.26,0.97,0.58,1.27,0,0.26,0.44,0,3.25,0,1.5,0,1.11,0.34,0,1.80730468056352
10.8778792029866,0,0,0,0,0,0,0,0,0,0,0,0,0,0,0,0,0,0,0,0,0,0,0
15.768008373308,0,1.85,0,0,1.85,0,0,0,0,0,0,0,0,0,0,0,0,0,0,0,0,0,1.09861228866811
16.3018664501579,0,0,0,0,0,0,0,0,0,0,0,0,0.4,0,0.81,1.22,0,0.81,0,0,0,0,1.55814461804655
29.5141714066578,1,0,0,0.9,0,0,1.8,0.9,0.9,0,0,0,0.9,4.5,0,5.4,0,0.9,0,0.9,0,0,0.765467842139571
12.3269799991326,0,0,0,0,0,0,0,0,1.52,0,0,0,0,0,0,0.76,0,0,0,0,0,0,0.551007413398823
16.2562177491482,0,0,0,0.63,0,0,1.26,0,0,0,0,0,0.63,0,0,0.63,0,0,0,0,0,0,2.13723864040605
23.0903871120952,0,0,0,0,0,0,0,0,2.77,0,0,0,0,0,0,2.77,0,0,0,0,0,5.55,1.17865499634165
13.4025963994053,0,0,0,0,0,0,0,0,0,0,0,0,0,0,0,0,0,0,0,0,0,0,1.34364778639842
28.2423337789692,1,1.66,0,1.66,0,0,0,0,1.66,0,0,0,3.33,0,0,1.66,0,0,0,0,0,0,3.19183345375632
10.1433267114341,0,0,0,0,0,0,0,0,0,0,0,0,0,0,0,0,0,0,0,0,0,0,0
19.182993818225,0,0,0,0,0,0,0,0,0,0,0,0,0,0,0,5.45,0,3.63,0,0,0,0,0.117783035656383
14.8819964853917,0,0,1.49,0.74,0,0,0,0,0,0,0,0,0,0,2.23,1.49,0,0,0,0,0,0,1.22082992139236
15.1279961682694,0,0.12,0,0,0,1.11,0,0,0.37,0,0,0,0,0,0,0.49,0,0.24,0,0,0,0.62,1.16658241510738
16.9415979946916,1,0,0,0,0,0,0,0,0,0,0,0,0,0,0,4.69,0,0,0,0,0,0,1.22377543162212
16.9654806007528,0,1.06,0,0,0,0,0,0,1.06,0,0,0,0,0,0,1.06,0,1.06,0,0,0,1.06,0.336472236621213
16.2695076515276,0,1.05,0,0,0,0,0,0,0,0,0,0,0,0,0,0,0,0,0,0,0,1.05,0.576613364303994
18.2707954804898,0,0,0,0,0,0,1.28,0,0,0,0,0,0,0,0,5.12,0,0,0,0,0,0,0.744315467134345
11.6227813168915,0,0,0,0,0,0,0,0,3.63,1.81,0,0,0,0,0,0,0,0,0,0,0,0,0.501986675098786
11.1236745049399,0,0,0,0,0,0,0,0,0,0,0,0,0,0,0,0,0,0,0,0,0,0,0
18.2743223889681,0,0,0,0,0.09,0,0,0.09,1.49,0.27,0.09,0,0,0.37,0,0,0.09,0,0,0,0,2.51,0.822858787081603
14.8256620230136,0,0,0,0,0,0,0,0,0,0,0,0,0,0,0,0,0,0,0,0,0,0,1.52605630349505
19.7920099360658,1,0,0,0,0,0,0,0,3.7,0,0,0,0,0,3.7,0,0,0,0,0,0,3.7,0.38253760346446
15.1068682453588,0,0,0,0,0,0.07,0,0,0.07,0.15,0,0,0.07,0,0.07,3.6,0,1.3,0,0,0,0,0.105260510657493
16.82733590622,0,0,0,0,0,0,0,0,0,0,2.1,0,0,0,0,0,0,0,0,0,0,0,1.39797586589373
15.0981159413626,0,0.05,0.05,0,0.13,0.3,0,0,0.13,0,0,0,0,0,0.02,0.1,0,0.08,0,0,0,0.46,1.09326468234151
10.8966218332298,0,0,0,0,0,0,0,0,0,0,0,0,0,0,0,0,0,0,0,0,0,0,0.405465108108164
21.1080232234336,1,0,0,0,0,0,0,0,0,0,0,0,0,0,0,4.44,0,0,0,0,0,0,2.99573227355399
14.713846747092,1,0,0.4,0,0,0,0,0,0.81,0,0,0,0,0,0,1.63,0,0.4,0,0,0,0,0.144965770250186
12.4597571112465,0,0,0,0,0,0,0,0,0,0,0,0,0,0,0,0,0,0,0,0,0,0,1.40265971520615
14.1996369395406,0,0,0,0,0,1.12,0,0,0.37,0,0,0,0,0,0,0.49,0,0.24,0,0,0,0.62,1.19452834549794
29.4768366309371,0,0.47,0,0,0.47,0,1.9,0,2.38,0,0.95,0,0.47,0,0,1.9,0,5.23,0,0,0,0,4.04438371306833
20.0313313494483,0,1.39,0,0.69,0,0,0,0,0.69,0,0,0,0,0,0,3.49,0,1.39,0,0,0,0,1.80828877117927
14.8340026883826,0,0.64,1.29,0,0,0,0,0,0,0,0,0,0,0,0,1.29,0,0,0,0,0,0,0.988053098101046
21.2550759676576,0,0.81,0,0,0,0,0,0,0.81,0,0,0,0,0,0,1.62,0,1.62,0,0,0,0.81,1.68175857401373
15.6851215172131,0,0,0,0,0,1.17,0.29,0.14,0.58,0,0,0,0.14,0,0.14,2.35,0.14,0.88,0,0,0.44,0,1.08586471584561
17.7868517250626,1,0.32,0.32,0,0,0,0,0,0,1.29,0,0,0,0.32,0,0.97,0,0.32,0,0,0,0.32,0.717839793150317
11.8993622453446,0,0,0,0,0,0,0,0,1.56,0,0,0,0,0,0,0,0,0,0,0,0,0,0.510425543744651
15.3469592599481,0,1,0.14,0.14,0,0,3,0.14,0.85,0,0,0,0,0,0.28,0.85,0,0.14,0,0,0,0,0.658038003446377
19.4228105823116,1,1.11,0,0.74,0,0,0,0.74,0.37,0,0,0,0,0.37,0,3.35,2.98,2.61,0,0,0.37,0,0.457424847038875
16.4220894399185,0,0,0,0,1.05,0,0,0.52,1.05,0.52,0,0,1.05,0,0,3.7,1.05,1.05,0,1.58,0.52,0,1.86980017423092
13.761114642883,0,0,0,0,0,0,0,0,0,0,0,0,0,0,0,0,0,0,0,0,0,0,1.01160091167848
12.5904526356844,0,0,0,0,0,0,0,0,0,0,0,0,0,0,0,0,0,0,0,0,0,0,0
12.8856057480232,0,0,0,0,0,0,0,0,0.65,0,0,0,0,0,0,0,0,0,0,0,0,0,0.819339205797705
15.7068724750997,0,0,0.09,0,0.27,0,0,0.18,1.49,0.09,0.09,0,0,0.46,0,0,1.49,0,0,0.09,0,2.42,0.768254653046751
14.8606279576306,0,0,0,0,0,0,0,0,1.39,0,0,0,0,0,0,0,0,0,0,0,0,2.79,0.237440856015034
16.3091638824268,1,0,0,0,0,0,0,0,0,0.97,0,0,0,0,0,4.85,0,0,0,0,0,0,1.2211248631435
20.2032227568886,0,0.29,0,0,0.29,0,0,0.29,0,0,0,0,0,2.93,0.58,1.75,0,1.75,0,0,0,0,0.308219723669329
13.0865885306539,0,0,0,0,0,0,0,0,0,0,0,0,0,0,0,0,0,0,0,0,0,0,0.847154993039293
13.8830517095057,0,0,1.29,0,0.64,0,0,0,0,0,0,0,0,0,0,3.87,0,0.64,0,0,0,0,0.587786664902119
23.3219264025681,1,2.45,0,0,0,0,0,0,0,0,0,0,0.81,0,0,3.27,0,1.63,0,0,0,0,1.03886228426234
16.5763929078037,0,0,0,0,0,0,0.28,0,0.56,0,0,0,0,0,0,0,0,0,0,0,0,1.13,1.17865499634165
18.2341174581668,0,0.47,0,0,0,0,0,0,0.47,0,0,0,0,1.9,0,0,0,0,0,0,0,1.9,0.517006482841072
15.1561657818676,0,0,0,0,0,0,0,0,0,0,0,0,0,0,0,3.84,0,0,0,0,0,0,0.546385799164542
17.669437672111,1,0.14,0,0,0,0,0,0,0.14,0.29,0,0,0.29,0,0,2.19,0,1.02,0,0,0.43,0,0.903408106043141
13.2207017979641,0,0,0,0,0,0,0,0,4.16,0,0,0,0,0,0,0,0,0,0,0,0,0,0.73716406597672
17.7454632061499,1,0,0,0,0,0,0,0,0,0,0,0,0,0,0,7.69,0,0,0,0,0,0,0.250758718347183
17.0056765455028,0,0.2,0.9,0.2,0.5,0.8,0.8,0.2,0.8,0,0,1.6,0,0.2,1.7,2.2,0.2,1,0,0.1,0.2,0,1.93094153336139
18.4934672010771,0,0.65,0.65,0.32,0.32,0,0,0,0.32,0.32,0,0,0.32,0.32,0,2.28,0,3.25,0,0,0.32,0,0.401457086710626
16.7199880184683,1,0,0,0,0,0,0,0,0,0,0,0,0,0,0,0,0,0,0,0,0,0,1.1590800354352
15.9122121008225,0,0,0,0.63,0.63,0.63,0,0,0.63,0,0,0.63,1.26,0,0.63,1.89,0,0,0,0,0,0,0.965080896043587
12.5478589636841,0,0.25,0.2,0,0.02,0.15,0,0,0.25,0.25,0.07,0,0.05,0.22,0,0.05,0,0.02,0,0.37,0.02,0,0.352767319107715
24.2721274946712,0,2.17,0,0,0,0,0,0,2.17,0,0,0,2.17,0,2.17,6.52,0,2.17,0,0,0,0,0.287432041196572
15.5860871092873,0,0,0,0,0,0,0,0,0,0,0,0,0,0,0,0,0,0,0,0,0,0,1.16315080980568
12.3636090312414,0,0,0,0,0,0,0,0,0,0,0,0,0,0,0,0,0,0,0,0,0,0,0.559615787935423
14.9397153825365,0,0,0,0,0,0,0.29,0,0,0,0,0,0.29,0.29,0,2.38,0,0.29,0,0,0,1.19,0.611394678687686
17.2592382984804,0,0,0,0,0,0,2.5,0,0,0,0,0,0,0,0,2.5,0,2.5,0,0,0,0,0.347835995271528
14.9061957394571,0,0,0,0,0,0,0,0,0,0,0,0,0,2.85,0,0,0,0,0,0,0,0,0.22314355131421
22.7684258054244,0,1.44,0,0.36,0,0,1.44,0.72,0.36,0.36,0,0,0,0,0,2.89,0,2.17,0,0,0,0,1.89986621055391
15.3095012604403,0,0,0,0,0,0,0,0,0,0,0,0,0,0,0,0,0,0,0,0,0,0,1.70474809223843
21.3176826876429,1,0.17,0.17,0,0,0.34,0.17,0,2.07,0,0,0,0.17,0,0,2.24,0,1.03,0,0,0,0.34,1.07363630259793
12.1563894001309,0,0,0,0,0,0,0,0,0,0,0,0,0,0,0,0,0,0,0,0,0,0,0
12.2347207245437,0,0,0,0,0,0,0,0,0,0,0,0,0,0,0,0,0,0,0,0,0,0,0
23.973661819238,0,0,0,0,0,0,0,0,0.33,0,0,0,0,0,0.99,0.33,0,0.66,0,0,0,4.98,1.70928324740382
17.1182906102305,1,0,0.46,0,0.15,0,0.61,0,0.3,1.07,0,0,0,0,0,1.84,0,0.92,0,0.76,1.23,0,1.4655675420144
15.3637647861906,1,0,0,0,0,0,0,0,0,0,0,0,0,0,0,3.33,0,0,0,0,0,0,0.318453731118535
19.0523927453196,0,0.51,0,0,0.51,0,0,0,1.02,0,0,2.05,0,0,0.51,2.56,0,2.56,0,1.53,0,0,1.61700917793042
22.7601624757182,0,0,0,0,0,0,0,0,0,0.37,0,0,0,0,0,1.51,0,0,0,0,0,5.68,0.107957141505092
20.464455299817,0,0,0,0,0,0,0,0,0,0,0,0,2.4,0,0,2.4,0,2.4,0,0,0,0,0.916290731874155
27.1286454267473,1,0,0,1.16,0,0,0,0,0,0,0,0,4.65,2.32,0,3.48,0,0,0,0,0,0,0
17.547716192857,0,0,0,0,0,0,0,0,0,0,0,0,0,0,0,6,0,2,0,0,0,0,0.441475545631197
19.0362222673092,0,2.8,0,0,0,0,0,0,1.4,0,0,0,1.4,0,1.4,1.86,0,0.46,0,0,0,0,0.983201437156782
18.3928432619865,0,0.34,0.69,0.34,0,0,1.04,0.34,1.38,0,0,0,0.69,0,0.69,4.86,0,1.73,0,0,1.04,0,0.774727167552368
15.7476225174011,1,0,0,0,0,0,0,0,0,0,0,0,0,0,0,0,0,0,0,0,0,0,0.587786664902119
13.2297370511688,0,0,0,0,0,0,0,0,1.22,0,0,0,0,0,0.61,0,0,0,0,0,0,0.61,0.791180920831311
18.6140862792364,0,0.26,0.26,0,0,0,0.26,0,0.26,0,0,0,0.26,0,0,2.08,0,2.6,0,0,0,0.26,0.934130650002486
9.36384308194806,0,0,0,0,0,0,0,0,0,0,0,0,0,0,0,0,0,0,0,0,0,0,0
18.1352534608603,0,0,0,0,0,0,0,0,0,0,0,0,0,0,0,1.58,0,0,0,0,0,1.58,1.24155756465321
23.0758351418137,0,0.93,0,1.86,0,0,0,0,2.8,0.93,0,0,0,0,0,8.41,0,1.86,0,0,0.93,0,2.11770025379693
11.6196797174983,0,0,0,0,0,0,0,0,0,0,0,0,0,0,0,0,0,0,0,0,0,0,0
18.6791602224818,1,0.29,0.59,0.59,0.29,0,0.29,0.29,0,0,0,0,0,0,0.89,3.58,0,1.49,0,0,0,0,0.464991087422191
18.0204520259929,0,1.31,0,0,0,0,0,0,0,0,0,0,0,0,0,1.31,0,2.63,0,0,0,0,0.364643113587909
27.5260559182448,0,0,0,0,0,0,0,0,0,0,0,0,0,0,0,1.08,0,0,0,0,0,7.6,0.884180677955921
12.1451189942716,0,0,0,0,0,0,0,0,0,0,0,0,0,0,0,2.08,0,0,0,0,0,0,0.356274863917393
16.7519243122654,1,0.3,0,0,0.15,0.15,0,0.15,2.76,0,0,0,0,0,0.46,1.69,0,0,0,0,0,0.46,0.984696764538215
11.9011963426763,0,0,0,0,0,0,0,0,0,0,0,0,0,0,0,2.12,0,0,0,0,0,0,0.336472236621213
12.1414842015451,0,0,0,0,0,0.36,0,0,0,0,0,0,0,0,0.36,1.84,0,0,0,0,0,0,0.244513577050402
12.3617750604271,0,0,0,0,0,0,0,0,3.12,0,0,0,0,0,0,1.56,0,0,0,0,0,0,0.405465108108164
12.1235513861395,0,0,0,0,0,0,0,0,0,0,0,0,0,0,0,0,0,0,0,0,0,0,0.405465108108164
10.4023683191236,0,0,0,0,0,0,0,0,0,0,0,0,0,0,0,0,0,0,0,0,0,0,0.105260510657493
14.9483886301228,0,0,0,0,0,0,0,0,0,0,0,0,0,0,0,1.56,0,0,0,0,0,0,1.76575766668905
16.6355299447808,0,0,0,0,1.36,0,0,0,0,0,0,0,0,0,0,0,0,0,0,0,0,2.73,0.432431556337979
15.1144469633407,1,0,0,0,0,0,0.33,0,0,0.33,0,0,0,0,0,2,0,0.33,0,0,0.33,0,0.433080275141138
18.3826893246447,0,0,0,0,0,0,0,0,0,0,0,0,0,0,0.84,0,0,2.54,0,0,0,1.69,0.574926549172514
21.4382275173291,0,0,0,0,0,0,0,0,0,0.37,0,0,0,0,0,1.51,0,0,0,0,0,5.68,0.107957141505092
24.7118040679994,1,0.68,0.34,0.34,0,0,0,0,0.34,0,0,0,2.04,0,0.34,4.76,0,2.38,0,0,0.34,0,1.94276234276458
14.9513394391875,0,0.27,0.27,0.13,0,0.13,0.27,0,0.4,0.4,0,0,0,0.27,0,0,0,0,0,0.27,0,0,0.546964670381864
14.0048365032822,0,0.67,0,0,0,0,0,0,0,0,0,0,0,0,0.67,0.67,0,0.67,0,0,0,0,0.839409687538197
19.6630961412265,0,0,0,0,0,0,0,0,0.84,0,0,0,0,0,0.84,2.95,0,2.53,0,0.84,0,0,1.39128190263093
12.0144953047042,0,0,0,0,0,0,0,0,0,5.55,0,0,0,0,0,0,0,0,0,0,0,0,0.893636041309349
15.1965441432457,0,0,0,0,0,0,0,0,1.47,0,0,0,0,0,0,2.2,0,0.73,0,0,0,0.73,0.56531380905006
17.167371413032,0,0.3,0.3,0.61,0,0.61,0.61,0,0.61,0,0,0,0.3,0.3,0.61,1.84,0,0.92,0,0,0,0,1.81237875643079
16.6262917045696,0,1.31,0,0,0,0,0,0,0,0,0,0,0,0,0,1.31,0,2.63,0,0,0,0,0.364643113587909
17.3006744820725,0,0.26,0,0,0.26,0,0,0.26,1.07,0,0,0,0,0.53,0,1.07,0,1.07,0,0,0,1.34,0.447246642123119
26.5259970464033,0,0.5,0,0,0,0,0.5,0,1.01,0,0,0,0,0.5,1.01,2.03,0,3.04,0,0,0,1.52,1.45278410238872
16.0610694923124,0,0,0,0,6.06,0,0,0,0,0,0,0,0,0,0,6.06,0,0,0,0,0,0,0.521171915820135
17.1387262229511,0,0.18,0.12,0,0.25,0.75,0.31,0.25,1.51,0.31,0.37,0,0.37,0.44,0.12,2.96,0.69,1.26,0,0.44,0.75,0,1.3015531326648
15.9064275454585,0,0,0,0,0,0,0,0,0,0,0,0,0,0,0,2.19,0,0,0,0,0,0,1.09861228866811
15.684908338899,0,0,0,0,0,0,0,0,0.25,0.51,0,0,0,0,0,2.3,0,1.53,0,0,0,0,0.17898265552844
11.9601981305222,0,0,0,0,0,0,0,0,0,0,0,0,0,0,0,0,0,0,0,0,0,0,0.587786664902119
10.7262953440673,0,0,0,0,0,0,0,0,0,0,0,0,0,0,0,0,0,0,0,0,0,0,0.379121132768562
14.6486778199855,0,0.77,0.38,0,0,0,0,0,1.16,0,0,1.16,0,0,0.38,3.48,0,1.16,0,0,0,0,0.20294084399669
31.7238029485975,1,1.77,0.22,0.44,0.44,0.22,2.88,0,0.88,0.22,0,1.11,0.44,0,0.44,3.33,0,3.33,0,0.44,0.44,0,4.46187701616162
18.7751972909897,1,0,1.86,0,0,0,0,0,0.62,0.62,0,0,0,0,0.62,2.48,0,1.86,0,0,0,0,1.64209869467365
18.7331589689742,0,0.52,0,0,0.52,0,0,0,1.05,0,0,2.11,0,0.52,0.52,2.64,0,2.64,0,1.58,0,0,1.61700917793042
20.2639863390773,0,0.17,0.17,0.11,0.05,0.05,0.47,0.11,1.17,0.47,0.05,0.17,0.05,0.11,0.29,3.93,0,2.05,0,0.47,0.29,0,1.79724439945862
12.0445865195983,0,0,0,0,0,0,0,0,0,0,0,0,0,0,0,4,0,0,0,0,0,0,0.628608659422374
20.9736725166003,0,0,0,0,0,0,0,0,0,0,0,0,3.33,0,0,0,0,0,0,0,0,0,1.38629436111989
20.0820502752725,1,0,0,0,0,0,0,0,0,0,0,0,0,0,0,3.22,0,0,0,0,0,0.64,1.13815346328864
16.7264924444818,0,1.22,0,0,0,0,0,0,0,0,0,0,0.61,0,0.61,1.22,0,0,0,0,0,0,1.08721424371574
10.7492207404213,0,0,0,0,0,0,0,0,0,0,0,0,0,0,0,0,0,0,0,0,0,0,0
19.3998762431186,1,0.39,0.65,0.52,0.19,1.04,0.52,0.06,0.39,0.32,0,1.17,0.13,0.06,1.1,1.3,0,1.04,0,0.52,0.19,0,1.55645898764321
21.7294893161449,1,0,0,0,0,0,0,0,0,0,0,0,0,0,0,4.25,0,2.12,0,0,0,0,1.50407739677627
21.463055736371,0,0.09,0.11,0.02,0.21,0.42,0.75,0.23,0.89,0.54,1.06,0,0.16,0.33,0.02,3.23,0,1.46,0,1.03,0.51,0,1.75492257917608
12.233273868292,0,0,0,0,0,0,0,0,0,0,0,0,0,0,0,0,0,0,0,0,0,0,0.356274863917393
18.5288440115091,0,0.42,0.14,0,0,0,0,0,1.56,0.14,0,0,0,0.28,0,0.14,0,0.14,0,0,0,3.12,0.852285401898243
11.689050567434,0,0,0,0,0,0,0,0,0,0,0,0,0,0,0,0,0,0,0,0,0,0,0.693147180559945
12.9688028136548,0,1.15,0.28,0,0,0,0,0,0,0,0,0.28,0,0,0,0,0,0,0,0,0,0,0.416734700366395
16.7146759294544,1,0,0,0,0,0,0,0,0,0,0,0,0,0,0,8.33,0,0,0,0,0,0,0
15.680784040504,0,0,0,0,0,0,0,0,0,0,0,0,0,0,0,1.13,0,2.27,0,0,0,0,0.646579544743611
22.5004221985862,0,0,0,0,0,0,0,0,0,0,0,0,0,0,0,0.93,0,0.46,0,0,0,4.2,0.909064686782416
19.836507970081,0,0.74,0,0,0.74,1.49,0,0,0,0,0,0,0,0,0,6.71,0,2.98,0,0,0,0,0.510425543744651
15.8576559877486,0,0,0,0,0,0,0,0,0,0.86,0,0,0,0,0,4.34,0,0.86,0,0,0,0.43,0.68006194101129
26.3026013540327,1,0.74,0,0,0.74,1.49,0,0,0,0,0,0,0,0,0,6.71,0,2.98,0,0,0,0,0.510425543744651
16.6454583188355,0,1.07,0,0,0,0,0,0,0,0,0,0,0,0,0,1.07,0,1.07,0,0,0,0,0.847154993039293
14.0234724396095,1,0,0,0,0,0,0,0,0,0,0,0,0,0,0,0,0,0,0,0,0,0,0.916290731874155
19.6606066447771,0,0,0,0,0,0,0,0,0,0,0,0,0,0,0,0.85,0,0,0,0,0,4.27,0.759870812602853
18.0349637392559,0,0,0.16,0,0,0,0,0,0.64,0,0,0,0,0.48,0,0.96,0,0.96,0,0,0,0.48,1.33210213203646
17.4956661599511,0,0.36,0.72,0,0,0,0,0,1.09,0,0,0,0,0.36,0,0.36,0,0.72,0,0,0,1.09,0.729961153682662
19.1392294025898,0,0,0,2,0,0,0.5,0.5,0.5,0,0,0,0.5,0,1.5,3,0,1.5,0,0.5,0.5,0,1.54436591569039
10.0856566149437,0,0,0,0,0,0,0,0,0,0,0,0,0,0,0,0,0,0,0,0,0,0,0
22.7669873879392,1,0.55,0.55,0,0,0,0,0.55,0,0,0,0.55,1.11,0,0,1.67,0,1.67,0.55,0.55,0,0,1.42695634283878
13.8607279986132,0,0,0,0,0,0,0,0,0,0,0,0,0,0,0,2.04,0,0,0,0,0,0,0.889535994565335
19.6836023195221,1,0.13,0,0,0,1.18,0,0,0.52,0,0,0,0,0,0,0.52,0,0.26,0,0,0,0.65,1.15845228902413
22.767187557901,1,0.11,0.11,0,0,0,0.23,0.23,0.93,0.93,0,0,0.58,0.23,0.11,4.19,0,1.51,0,0.58,0.46,0,2.10315806829715
26.9343591586992,0,1.02,0,0,0,0.68,1.02,0,0,0,0,0,0,0,0,0.34,1.02,0.68,0,0,0,0.34,6.09432118066771
17.0408693438943,0,0,0,0,0,0,0,0,0,0,0,0,1.06,0,0,1.06,0,0,0,0,0,0,0.965080896043587
18.1173875860965,0,0,0,0,0,0,0,0,0,0,0,0,3.03,0,0,0,0,0,0,0,0,0,1.36328158681082
14.0312884044043,1,0,0,0,0,0,0,0,0,0,0,0,0,0,0,0,0,0,0,0,0,0,0
14.3620003715658,0,0,0,0,0,0,0,0,0.33,0,0,0,0,0,0,0,0,0,0,0,0,0,1.09861228866811
13.8452975191504,0,0,0,0,0.39,0,0,0,0.39,0,0,0,0,0,0,0,0,0,0,0,0,0.39,0.693147180559945
10.8282900288632,0,0,0,0,0,0,0,0,3.33,0,0,0,0,0,0,0,0,0,0,0,0,0,0.262364264467491
21.3110925083007,0,0,0,0,0,0,0,0,0,0,0,0,0,0,0,0,0,0,0,0,0,5.12,0.485507815781701
29.1465215523111,1,0,0,0,0,0,0,0,0.22,0,0,0,0,0,0,1.11,0,0.22,7.12,0,0,0,1.68584324363651
14.4778280051282,0,0.05,0.05,0,0.13,0.3,0,0,0.13,0,0,0,0,0,0.02,0.1,0,0.08,0,0,0,0.46,1.09326468234151
17.1383803717895,0,0,0.16,0,0,0,0,0,0.64,0,0,0,0,0.48,0,0.96,0,0.96,0,0,0,0.48,1.33210213203646
15.1588534890585,0,0,0,0,0,0,0,0,0,0,0,0,0,0,1.26,5.06,0,0,0,0,0,0,0.693147180559945
23.5844602796177,1,1.11,0.55,2.23,0,0,0.55,0,0.55,0,0,0,0,0,0.55,3.35,0,1.11,0,0,0,0,2.81774132612048
18.6020698272757,1,0,0,0,0,1.2,4.81,0.4,0,0,0,4.41,0,0,0,1.2,0,1.2,0,4.01,0.4,0,1.42359014586359
21.5580670046014,0,0.05,0.15,0.05,0.23,0.44,0.76,0.26,0.97,0.58,1.27,0,0.26,0.44,0,3.25,0,1.5,0,1.11,0.34,0,1.80730468056352
11.930679012646,0,0,0,0,0,0,0,0,0,0,0,0,0,0,0,0,0,0,0,0,0,0,0.587786664902119
17.2271644238221,0,0,0,0,0,0,0,0,0,0,0,0,0,0,0,3.7,0,1.85,0,0,0,0,1.07089845010059
26.9923097359172,0,0.66,0,0,0,0,0,0,0,0,0,0,0,0,0,4.63,0,3.31,0,0,0,2.64,1.37826218942263
20.5492523792904,0,0.65,0.65,0.32,0.32,0,0,0,0.32,0.32,0,0,0.32,0.32,0,2.28,0,3.25,0,0,0.32,0,0.401457086710626
13.6734093520048,0,0,0,0,0,0,0,0,0,0,0,0,0,0,0,0,0,0,0,0,0,0,1.09861228866811
19.6923029379197,0,0.31,0,0,0.1,0,0,0,0.63,0.21,0,0,0,0.53,0,0,0,0,0,0,0,3.82,0.79795754491229
17.3077913293652,1,0,0,0,0,0,0.87,0,1.75,0,0,0,0,0,0,0,0,0,0,0,0,0.87,1.07874965957186
22.3418792681958,1,0,0,0,0,0,0.58,0,2.33,0,0,0,0.58,0,0,1.75,0,3.5,0,0,0,0,0.768718367407019
18.8002215426091,0,0,0,0,0,0,0,0,0,0,0,0,0,0,0,3.38,0,1.69,0,0,0,1.69,1.12590314890401
27.7937583589675,0,0,0,0,0,0,0,0,0.73,0,0,0,0,0,0,0,0,0,0,0,0,8.08,0.980579221756517
10.632609987303,0,0,0,0,5.88,0,0,0,0,0,0,0,0,0,0,0,0,0,0,0,0,0,0
14.6612373764042,0,0,0.14,0,0,0.28,0,0,3.08,0.14,0.28,0,0,0.14,0,0,0,0,0,0,0,0.98,0.598836501088704
18.7436073519332,0,0,0.57,0,0.57,1.15,1.34,0,0.38,0.38,0,1.15,0.19,0.19,1.92,2.11,1.15,1.15,0,1.34,0.77,0,2.68232205252948
19.6190965023304,0,0,0,0,0,0,1.01,0,0,0,0,0,0,1.01,0,0,0,0,0,0,0,2.02,0.75377180237638
29.6640870440723,1,0.37,0,0,0.37,0.37,1.89,0.37,2.65,0,0.37,0,0.37,0,0,2.27,0,4.54,0,0.37,0,0,4.13516655674236
11.8763543842465,0,0,0,0,0,0,0,0,0,0,0,0,0,0,0,0,0,0,0,0,0,0,0.166361537215225
19.8795467997717,1,0.16,0,0,0.16,0.16,0,0,0,0,0,0.16,0,0,0,0,0,0,0,0,0,0.96,1.56255592653397
27.4489555334246,1,1.02,0,0,0,0.68,1.02,0,0,0,0,0,0,0,0,0.34,1.02,0.68,0,0,0,0.34,6.49828214947643
18.1324068450119,0,0.56,0,0,0,0,0.56,0,0,0,0,0,0.56,0,0,2.25,0,1.12,0,0,0,0,0.858661619037519
21.5434599016829,1,1.63,0,0,0,0,0,0,0,0,0,0,0,0,0,0,0,3.27,0,0,0,0,0.751416088683921
11.1133023250493,0,0,0,0,0,0,0,0,0,0,0,0,0,0,0,0,0,0,0,0,0,0,0.336472236621213
17.1372281808854,0,0,0,0,0,0,0,0,0,0,0,0,0,2.85,0,0,0,0,0,0,0,0,0.22314355131421
15.2637974393263,0,0,0.05,0,0.34,0,0,0.11,0.81,0.05,0.11,0,0,0.75,0,0,0,0,0,0.05,0,1.16,0.6227247162634
17.8592034574933,0,0.31,0,0,0,0,0,0,0.62,0,0,0,0.31,0,1.24,2.49,0,1.24,0,0,0,0,1.52431565901727
16.3290187480941,0,0,0.53,0.53,0,0,0,0,0,0,0,0,0,0,1.6,2.67,0,1.6,0,0,0,0,0.75659135311648
14.9210313180683,0,0.15,0.05,0,0,0.57,0,0,0.26,0,0,0,0,0,0.05,0.21,0,0.15,0,0,0,0.63,1.24155756465321
21.1709389561585,1,0,0,0,0,0,0,0,0,0,0,0,1.61,0,0,0,0,0,1.61,0,0,0,1.46626014275777
24.5636439253633,0,0,0,0,0,0.6,0,0,0,0,0,0,0,0,0,0.6,0,1.21,0,0,0,3.63,1.51204556642545
24.5583506695865,1,1.1,0.55,2.2,0,0,0.55,0,0.55,0,0,0,0,0,0.55,3.31,0,1.1,0,0,0,0,2.82292530912862
19.826104396629,0,0.27,0,0.55,0.27,0.27,0.27,0,0.27,0,0,0,0,1.11,0,0.55,0.27,0.83,0,0,0,0,2.96949096234876
13.1702757898422,0,0.1,0,0,0.17,0.17,0.17,0,0.1,0.03,0,0,0.03,0,0,0.45,0,0.2,0,0.03,0,1.18,1.03425152950772
16.127086874598,0,0,0,0,0,0,1.05,0,0,0,0,0,0,0,0,0,0,0,0,0,0,1.05,1.27284566861231
13.0024163470233,0,0,0,0,0,0,0,0,3.44,0,0,0,0,0,0,3.44,0,0,0,0,0,0,0.693147180559945
18.536149492251,0,3.84,0,0,0,0,0,0,0,0,0,0,0,0,0,3.84,0,0,0,0,0,0,0
13.1288430113199,0,0,0,0,0,0,0,0,0,0,0,0,0,0,0,4.76,0,0,0,0,0,0,0
16.7182870452741,0,0.88,0,0,0,0,0,0.44,0.44,0,0,0,0,0,0.44,1.32,0,1.32,0,0,0,0.44,0.298622012490115
16.0275470544849,0,0,0,0,0,0,0,0,0,0,0,0,0,0,1.88,1.88,0,1.88,0,0,0,0,0.267734434642085
16.9072462172538,0,0.46,0,0,0.15,0,0,0,0.92,0,0.15,0,0,0.46,0,0,0,0,0,0,0,2.15,0.42853038103916
13.757572960131,0,0,0,0,0,0,0,0,0,1.29,0,0,0,0,0,0,0,0,0,0,0,0,0.309688152714396
15.9740927894729,0,0,0,0,0,0,0,0,0,0,0,0,0,0,0,0,0,0,0,2.53,0,0,1.38629436111989
15.0748411500082,0,0,0.77,0,0.38,0,0,0.38,1.16,0,0,0,0.38,0,1.16,1.93,0,0.38,0,1.16,0.38,0,0.980579221756517
19.2148720785968,0,0,0,0,0,0,0,0,0.5,0,0,0,0,0,0.5,1.5,0,0.5,0,0,0,2.01,0.834212620838548
16.3348551269514,0,0,0,0,0,0,0,0,0,0,0,0,0,0,0,5.81,0,1.16,0,0,1.16,0,0.75377180237638
21.4169918628693,1,0,0,0,0,0,0,0,0,0,0,0,0,0,0,5.55,0,1.11,0,0,0,0,1.40388866952084
18.6674785744875,0,1.67,0.2,0.2,0,0,1.04,0.2,0,0.2,0,0,0.83,0.2,0,2.09,0,0.62,0,0.62,0,0,0.500775287912489
14.6039799554063,0,0,0,0,0,0,0,0,0,0,0,0,0,0,0,0,0,0,0,0,0,0,1.4841014211228
15.2258551435183,0,0,0,0,0,0,0,0,0,0,0,0,0.6,0,0,0,0,0,0,0,0.6,0,1.50674051419576
21.5301654594661,1,0.78,0,1.56,0,0,0,0,1.56,0,0,0,0,0,0.78,7.03,0,2.34,0,0,0,0,0.298622012490115
16.7223286581067,0,0.85,1.02,0.25,0.17,0.59,0.08,0.17,0.59,0.17,0,2.21,0.25,0.08,0.93,1.61,0.17,0.42,0,0.85,0.08,0,2.01276740841184
19.247048552016,0,0.55,0.55,0,0,0,0,0.55,0,0,0,0.55,1.11,0,0,1.67,0,1.67,0.55,0.55,0,0,1.42695634283878
13.4061555564949,0,0,0,0,0,0,0,0,0,0,0,0,0,0,0,0,0,0,0,0,0,0,0.772882148578799
21.9786083644284,1,0.28,0.28,0,1.4,0.28,0.84,0.28,0.56,0,0,0,0,1.4,0.56,1.69,1.97,3.09,0,0,0,0,1.31506685183152
18.783918050537,0,0,0,1.63,0,0,1.63,0,0,0,0,0,0,0,0,1.63,0,3.27,0,0,0,0,0.182321556793955
22.5786630851345,1,0.82,0,0,0,0,0,0,0,0,0,0,0,0,0,0.82,0,1.1,1.93,0,0,0,1.90106220411851
13.2976497692385,0,0.69,0,0,0,0,0,0,0,0,0,0,0,0,0,1.38,0,0,0,0,0,0,0.894862784460535
17.5994133488498,0,0,0,0,0,0,0,0,0,0,0,0,0,0,0,1.49,0,4.47,0,0,0,0,0
19.0598680434673,0,0,0,0,0,0,0,0,0.48,0,0,0,0,0,0.1,0.97,0,0.1,3.47,0,0,0,1.32601343023496
16.4938202389117,0,0,0,0.67,0.33,0.33,0.33,0,0.67,0,0,0,0,0.67,1.01,2.02,0,0.67,0,0,0,0,0.185649346886629
14.5017889525368,0,0,0,0,0,0,0,0,0,0,0,0,0,0,0,1.65,0,0.55,0,0,0,0,0.609765571620894
18.6748663147564,0,1.52,0.33,0,0.08,0.67,0,0.25,0.67,0.16,0,1.69,0.08,0,1.1,1.86,0.16,0.42,0,1.1,0.08,0,2.42657107277504
11.7002762364096,0,0.66,0,0,0,0,0,0,0,0,0,0,0,0,0.66,0.66,0,0.66,0,0,0,0,0.839409687538197
19.9439425654322,0,0.09,0,0,0,0,0,0.27,2.31,0.27,0,0,0,0.27,0,0,0,0.18,0,0,0,3.06,0.838545383249302
15.4094722196655,0,1.73,0,0,0,0,0,0,0.28,0.57,0.28,0,0,0,0,1.15,0,0.57,0,0,0,0.28,0.344298672870677
17.4839400669502,1,0,0,2.22,2.22,0,0,0,0,0,0,0,0,0,0,0,0,0,0,0,0,0,1.51973199934961
15.7650471290709,0,0,0,0,3.19,0,0,0,0,0,0,0,0,0,0,0,0,0,0,0,0,0,1.3246848794882
15.6294371043868,0,0.24,0,0,0,0.24,0.49,0,0.49,0,0,0.24,0.24,0,0,0.24,0,0.49,0,0,0,0,1.71469842309159
19.18757513884,0,0.23,0,0,0,0,0.47,0,0.23,0,1.67,0,0,0,0,1.19,0,0,0,0,0,0.47,2.30617862850418
14.7240107568848,0,0,0,0,0,0,0,0,0,0,0,0,0,0,0,2.83,0,0,0,0,0,0,0.851005265175526
15.7357955981592,0,0,0,0,0,0,0,0,0,0,0,0,1.96,0,0,0,0,0,0,0,0,0,0.498955451195503
11.0516094077934,0,0,0,0,0,0,0,0,0,0,0,0,0,0,0,0,0,0,0,0,0,0,0
10.395185523389,0,0,0,0,0,0,0,0,0,0,0,0,0,0,0,0,0,0,0,0,0,0,0.405465108108164
14.2670602799285,0,0,0,0,0,0,0,0,0,0,0,0,0,0,0,1.29,0,0.64,0,0,0,0,0.0980337402713654
14.4973070362692,0,0,0.41,0,0,0,0.82,0,0,0,0,0,0.41,0,0,1.23,0,0,0,0.41,0,0,1.6132307106728
14.2653677011573,0,0,0,0,0,0,0.82,0,0.82,0,0,0,0,0,0,1.65,0,0.82,0,0,0,0,0.747161768866184
21.5664615662607,1,0.25,0.38,0,0,0.5,0.06,0.12,0.63,0.19,0,0,0.69,0.5,0.38,3.49,0.06,1.27,0,0.31,1.08,0,1.67428888475372
16.0251832879045,1,0,0,0,0,0,0.33,0,0,0,0,0,0,0,0,2.34,0,0.33,0,0,0,0,0.445967051417494
14.7491999463372,0,0,0,0,0,0,0,0,0,0,0,0,0,0,0,0,0,0,0,0,0,0,1.09861228866811
17.862256090557,0,0.38,0.38,0.38,0.38,0,0,0.38,0,0,0,0,0.38,0,0,3.87,0,1.93,0,0,0.38,0,0.723676385594768
24.1074866824935,1,0.14,0.1,0.03,0.07,0.54,1.01,0.28,0.79,0.47,1.19,0.03,0.25,0.39,0,3,0,1.3,0,0.39,0.57,0,1.88722115270663
14.9339033104581,0,0,0,0,0,0,0,0,0,0,0,0,0,0,0,3.03,0,0,0,0,0,0,0.971536206100134
20.3054411066858,1,0.14,0.14,0,0.84,0.42,0.14,0,0.56,0.28,0.14,0.42,0.14,0.14,0.28,4.34,0.14,2.1,0,0.14,0.28,0,0.8424288832757
11.4044575282982,0,0,0,0,0,0,0,0,1.35,0,0,0,0,0,0,1.35,0,0,0,0,0,0,0.427226599889677
20.8972479637426,1,1.49,0,0,0,0,0.99,0.49,0,0,0,0,0.49,0,0,0.99,0.49,1.99,0,0,0.49,0,1.55814461804655
19.357309816572,0,0,0,0,0,0,0,0,2.9,0,0,0,0.58,0,0,0,0,1.74,0,0,0,2.32,0.53062825106217
19.7011718351454,1,1.33,0,0,0,0,0,0,0,0,0,0,0,0,0,0,0,1.33,0,0,0,0,0.711478137244669
21.1152201910692,1,0,0.6,0,0,0,0,0,0,0,0,0,0,0,0,0.6,0,0,0,0,0,3.03,0.449800921928216
18.136238947071,1,0,0,0,0,0,0,0,0,0,0,0,0,0,0,4.65,0,0,0,0,0,0,0.779783487219492
20.4705779903459,0,0.68,0,0.22,0.22,0.9,0.68,0.45,0.9,0,0,0,0.68,0,0.9,3.86,0,1.13,0,0,0.45,0,1.96934761888276
19.2761729150118,1,0.73,0,0,0,0,0,0,0.36,1.1,0,0,0.36,0,0,3.69,0,0.73,0,0,0.36,0,1.07500242302898
25.2951020022783,0,0,0,0,0,0,0,0,0,0,0,0,0,0,0,2.43,0,0,0,0,0,4.87,0.810930216216329
16.0412490539097,0,0,0,0,0,0,0,0,0,0,1.19,0,0,0,1.19,1.19,0,0,0,0,0,0,0.693147180559945
19.4731037460227,0,0,0,0,0.1,0,0,0.31,0.52,0.1,0,0,0.1,0.1,0,0.1,0,0,0,0.1,0,3.14,0.932951172767262
19.2620196694923,0,0,0,0,0,0,0,0,0,0,0,0,3.7,0,0,3.7,0,0,0,0,0,0,0.153579087928301
18.4116104311579,1,0,0,0,0,0,0,0,6.29,0,0,0,0.69,0,0,4.19,0.69,0.69,0,0,0,0,0.693147180559945
15.2426459203694,0,0.84,0,0,0,0,0,0,1.96,0,0,0,0,0,0,0.28,0,0,0,0,0,1.4,0.354873321992104
21.2183899286331,0,1.28,0,0.64,0,0,0,0,0.64,0,0,0,0.64,0.64,0,1.28,0,3.2,0,0.64,0,0,0.847154993039293
11.5407914676313,0,0,0,0,0,0,0,0,0,0,0,0,0,0,0,2.4,0,0,0,0,0,0,0.46373401623214
17.0242406672652,0,0.35,0,0,0,0,0,0,0.71,0,0,0,0.35,0,1.42,1.77,0,1.06,0,0,0,0,1.32654435671412
21.3827094474721,0,0.68,0,0,0,0,0.68,0,0.68,0,0,0.68,0,0,0.68,1.36,0,0.68,0,0,0,2.72,0.742889272454759
21.3114988041548,0,0.15,0.03,0,0.35,0.58,0.66,0.31,0.7,0.62,1.28,0.03,0.23,0.42,0,3.12,0,1.36,0,0.46,0.46,0,1.8099267731835
13.513020753519,0,0,0,0,0,0,0,0,0,0,0,0,0,0,0,4,0,0,0,0,0,0,0.826366024346168
12.8824713835642,0,0,0,0,0,0,0,0,0,0,0,0,0,0,0,0,0,0,0,0,0,0,0.587786664902119
13.5237054744229,0,0,0,0,0,0,0,0.71,0,0,0,0,0.71,0,0,5,0,0,0,0,0,0,0.327143141332695
14.5655472021936,0,0,0,0,0,0,1.66,0,0,0,0,0,0,0,0,0,0,0,0,0,0,0,1.34807314829969
14.0723436493622,0,0,0,0,0,0,0,0,1.15,0,0,0,0,0,0,2.89,0,0.57,0,0,0,0,0.321358598811165
13.5356099927102,0,0,0,0,0,0,0,0,0,0,0,0,0,0,0,5,0,0,0,0,0,0,0
25.5309464383049,1,2.63,0,0,0.65,0,0,0,0.65,0,0,0,1.97,0,0,1.31,0,2.63,0,0,0.65,0,0.786182046527135
16.7467035043109,0,0,0,0,0,0,0,0,0,0,2.94,0,0,0,0,2.94,0,0,0,0,0,0,0
30.9956602691634,1,0,0,0,0,0,0,0,0,0,0,0,0,0,0,0,0,0,0,0,0,8.33,1.23663358656548
17.6161272968319,1,0,0,0,0,0,0,0,0,0,0,0,0,0,0,2.24,0,0,0,0,0,0,0.859508717775171
11.6239435694009,0,0,0,0,0,0,0,0,0,0,0,0,0,0,0,0,0,0,0,0,0,0,0.587786664902119
15.4800486086382,0,0,0,0.67,0.33,0.33,0.33,0,0.67,0,0,0,0,0.67,1.01,2.02,0,0.67,0,0,0,0,0.185649346886629
12.2076824965686,0,0,0,0,0.38,0.38,0,0,0,0,0,0,0.38,0,0.38,0.38,2.67,0,0,0.76,0.38,0,0.771033719217016
12.6290940242205,0,1.23,0,0,0,0,0,0,0,0,0,0,0,0,0,1.23,0,0,0,0,0,0,0.0563803334361077
18.8719518458083,0,0,0,0,0,0,0,0,0.41,0,0,0,0.41,0,0.82,3.73,0,1.24,0,0,0.41,0,1.15246896145882
17.8022984587671,0,0.14,0.14,0,0.84,0.42,0.14,0,0.56,0.28,0.14,0.42,0.14,0.14,0.28,4.34,0.14,2.1,0,0.14,0.28,0,0.8424288832757
17.3919713126784,0,1.63,0,0,0,0,1.63,0,0.81,0,0,0,0,0,0,3.27,0,0,0,0,0,0,0.443402947448557
16.696067424655,0,0.16,0.24,0,0.16,0,0.49,0.08,0.57,0.9,0,0.16,0,0,0.32,2.37,0,1.23,0,0.49,1.14,0,1.41658105372476
13.8560804885076,0,0,0,0,0,0,0,0,0,0,0,0,0,0,0,0,0,0,0,0,0,0,0.739076112448345
15.025799035355,0,0.66,0,0,0,0,0,0,0,0,0,0,0,0,0.66,0.66,0,0.66,0,0,0,0,0.839409687538197
19.0854110238606,0,0.43,0.08,0.08,0.43,0.08,0.08,0,0.6,0.17,0.17,0,0,0.17,0.08,1.2,0,3.14,0,0.34,0.08,0,1.42551507427317
12.0525747476631,1,0,0,0,0,0,0,0,5.71,0,0,0,0,0,0,0,0,0,0,0,0,0,0.153579087928301
13.6338390120765,0,0.73,0,0,0,0,0.73,0,0.36,0,0,0,0,0,0,0.73,0,0,0,0,0,0,0.756121979721334
17.0161824093752,1,0.58,0.08,0,0,0.08,0,0,2.24,0.08,0.16,0,0,0.08,0,0.99,0,0.74,0,0.08,0,0.74,0.741937344729377
15.1661188947141,0,0,0,0,0,0,0,0,0,0,0,0,0,0,0,6.66,0,0,0,0,0,0,0.510425543744651
23.9067849705612,1,1.28,1.28,0,0,0,0,0,0,0,0,0,1.28,0,0,2.56,0,1.28,0,1.28,0,0,1.12200324145869
11.419826285098,0,0,0,0,0,0,0.45,0,0.45,0,0,0,0,0,0,0.9,0,0,0,0,0,0,0.510425543744651
15.3287501247663,0,0.4,0.11,0,0.4,0,0,0,0.34,0.11,0,0,0,0,0,1.15,0,0.57,0,0.05,0,0.52,0.935308737709917
21.7307665637699,0,0.32,0.16,0,0.49,0.65,0.49,0.16,1.3,0,0,0.16,1.14,1.3,0.16,3.6,0.49,1.8,0,0,0.49,0,1.7635314477715
21.0929970235445,1,0.4,0.1,0.1,0,0.2,0.2,0.4,0.5,0,0.6,0,0.91,0.2,0,1.72,4.26,1.72,0,0.4,0.2,0,1.9107269882921
13.134990753963,0,0,0,0,0,0,0,0,0,0,0,0,0,0,0,1.23,0,1.23,0,0,0,0,0
13.0772261381088,0,0.12,0.24,0,0,0,0.24,0,0,0.24,0,0,0,0,0,1.58,0,0.12,0,0,0,0,0.359770148846035
19.5358539379822,0,0.17,0,0,0.08,0.08,0,0,0.43,0.08,0,0,0,0,0,0,0,0,0,0.08,0,3.54,0.896088024556636
13.7747155014716,0,0,0,0,0,0,0.57,0,1.43,0,0,0,0,0,0,0,0,0.28,0,0,0,0.28,1.065400154462
23.0018118789516,1,0,0,0,0,0,0,0,0,0,0,0,0,3.84,0,1.92,0,1.92,0,0,0,0,0.19062035960865
17.8322776863238,0,0,0,1.25,0,0,0,0.62,0.62,0,0,0.62,2.5,0,1.25,5,0,1.25,0,0,0,0,0.854415328156068
15.7541072321139,0,0.12,0.25,0,0,0,0,0,0.25,0,0,0,0,0.25,0.12,1.03,0,0.38,0,0,0,0.9,0.399447035782601
22.6463469769099,1,0,0,0,0,0,0,0,0.86,0,0,0,0,0,0.86,0.86,0,2.58,0,0,0,1.72,0.594431207620788
11.087207857031,0,0,0,0,0,0,0,0,0,0,0,0,0,0,0,0,0,0,0,0,0,0,0
17.5933131804553,0,0,0,0,0,0,0,0,0,0,0,0,0,0,0,8.95,0,0,0,0,0,0,0.485507815781701
19.4422466486918,0,0,0,0,0,0,0,0,1.72,0,0,0,0,0,0,0,0,0,0,0,0,3.44,0.929404371019538
10.5451236495696,0,0,0,0,0,0,0,0,0,0,0,0,0,0,0,0,0,0,0,0,0,0,0.22314355131421
17.819308937791,1,0,0,0.96,0,0,1.92,0.96,0,0,0,0,0,0,0.96,3.84,0,0.96,0,0,0,0,0.271552690521897
18.0500322485805,0,0,0,0.37,0,0.37,1.12,1.12,1.12,0,0,0,0,0,0.74,2.99,0,2.24,0,0,0.37,0,1.5532907518111
21.280084228467,1,0,1.4,0,0,0,0,0,0,0,0,0,2.81,0,0,0,0,0,0,0,0,0,1.33500106673234
12.0432055796844,0,0,0,0,0,0,0,0,0,0,0,0,0,0,0,0,0,0,0,0,0,0,0
14.397435381958,0,0.33,0.03,0,0,0.23,0.01,0,0.09,0,0,0,0.13,0,0.01,0.07,0,0.05,0,0,0,0.53,0.951271700769401
12.9669397165319,0,0.19,0.32,0.38,0,0.06,0,0,0.64,0.25,0,0.12,0,0,0.12,1.67,0.06,0.71,0,0.19,0,0,0.547543206701154
32.7603798762337,0,0.43,0.43,0.43,0,0,0.43,0,0.43,0,0,0,0,0,0,0.87,0,0,9.17,0,0,0,2.2266754988937
23.440069267721,0,1.25,0.62,0,0,0,0,0,0,0,0,0,1.25,0.62,0,0.62,0,1.88,0.62,0.62,0,0,1.36020702635657
13.6649606194866,0,0.22,0.22,0.11,0,0.11,0.22,0,0.33,0.33,0,0,0,0.22,0,0,0,0,0,0.55,0,0,0.683096844706444
18.3622543121855,0,0,2.3,0,0,0,0,0,0.76,0.76,0,0,0,0,0,2.3,0,1.53,0,0,0,0,1.72401581714154
16.9193068201306,0,0.45,0,0,0,0,0,0,0.45,0,0,0,0.45,0,0.91,1.36,0,1.36,0,0,0,0,1.02137120832466
4.35973208778074,0,0,0,0,0,0,0,0,0,0,0,0,0,0,0,0,0,0,0,0,9.09,0,1.09861228866811
12.9988286440133,0,0,0,0,0,0,0,0,1.69,0,0,0,0,0.42,0,0,0.42,0,0,0,0,0,0.827678073517551
11.8391154930528,0,0,0,0,0,0,0,0,0,0,0,0,0,0,0,0,0,0,0,0,0,0,0.804241228065532
17.7505525446302,0,0,0,0,0,0,0.11,0,0.45,0,0,0,0.11,0.11,0,2.81,0,0.9,0,0,0,0,1.07976920086663
11.0016325919098,0,0,0,0,0.38,0.38,0,0,0,0,0,0,0.38,0,0.38,0.38,2.67,0,0,0.76,0.38,0,0.771033719217016
21.211917544492,0,3.52,1.17,0,1.17,0,4.7,0,0,0,0,0,1.17,0,0,1.17,0,1.17,0,0,0,0,0
20.8784513105938,1,0.13,0.2,0.06,0.33,0,1.14,0.33,1.07,1,0,0.26,0.4,0.06,0,4.1,0,0.94,0,0.53,0.26,0,1.53104384500609
23.0772532589508,0,0.32,0,0,0.32,0.32,0.64,0,1.28,0,0,0,2.56,0.96,0,3.84,0,0.96,0,0,0,0,0.781158057882659
12.7693352937634,0,0,0,0,0,0,0,0,0,0,0,0,0,0,0,0,0,0,0,0,0,0,0.886243810521858
17.1150594207238,0,0.23,0,0,0,0.23,0,0,0,0,1.43,0,0,0.23,0,0.23,0,2.14,0,0,0,0.23,0.961646433594952
9.63516445825903,0,0.11,0,0,0,0,0,0.11,1.02,0,0,0,0,0,0.11,0.11,0,0,0,0,0,0,0.492865298388998
11.4735735575603,0,0,0,0,0,0.88,0,0,0,0,0,0,0,0,0,0,0,0,0,0,0,0,0.153579087928301
12.8201603273012,0,0.29,0,0,0,0,0,0,0.89,0,0,0,0.14,0,0,0,0,0,0,0.14,0,0,0.800655388275231
17.3238557515036,0,0,0,0,0,0,0,0,0.94,0,0,0,0,0,0,1.89,0,0.94,0,0,0,1.42,0.806475865866949
16.3850463746983,0,0,0,0,0,0,0,0,0.99,0,0,0,0,0,0,0,0,0,0,0,0,2.97,0.551583616238158
15.5745102334013,1,0,0,0,0,0,0.83,0,0,0,0,0,0,0,0,0,0,0,0,0,0,0,1.41779302817926
25.3672256964163,1,0.68,0,0,0,0,1.81,0,0.68,0,0,0,0.22,0,0,3.4,0,1.81,0,0,0,0,1.80681227185435
17.4510145892227,0,0.36,0,0,0,0,0,0,1.09,0,0,0,0,0.36,0.36,0,0,0,0,0,0,1.81,0.829861003875767
9.72484734149545,0,0,0,0,0,0,0,0,0,0,0,0,0,0,0,0,0,0,0,0,0,0,0
15.2445178272696,0,0,0,0,0,0,0,0,3.38,0,0,0,0,1.69,0,0,0,0,0,0,0,0,1.82245031654885
17.7422311325496,1,3.03,0,0,0,0,0,0,0,0,0,0,0,0,0,0,0,0,0,0,0,0,0.430482871083452
31.9938744375321,0,0.44,0,0,0,0,0.44,0,0.44,0,0,0,0,0,0,0.44,0,0,8.81,0,0,0,1.98622915995766
17.6605253612337,0,0.75,0,0.5,0.25,0,1.01,0,0.25,1.51,0,0.75,0,0,1.51,2.02,0,1.51,0,0.75,0,0,0.864997437486605
13.8015572035951,0,0,0,0,0,0,0,0,0,0,0,0,0,0,0,3.33,0,0,0,0,0,0,0.832909122935104
13.9888802928327,0,0,0,0,0,0,0,0,2.38,0,0,0,1.19,0,0,2.38,0,0,0,0,0,0,0.379121132768562
17.8581578400681,0,0,0,1.02,0,0,0,0,2.04,0,0,0,2.04,0,2.04,3.06,0,1.02,0,0,0,0,0.385262400790645
16.3976802849038,0,0.64,0.64,0.32,0.32,0,0,0,0.32,0.32,0,0,0.32,0.32,0,2.27,0,3.24,0,0,0.32,0,0.401457086710626
17.8070700887648,1,0,0,0,0,0,0,0.24,0.72,0.24,0,0,0,0.24,0,0.72,0.24,2.16,0,0.48,0,0,1.31210946293051
16.4270752846976,0,1.03,0,2.41,0.34,0,1.72,2.06,2.06,0.68,0,0.34,0,0,3.44,4.13,0,2.06,0,0,0,0,0.635518067723309
16.8992383196386,0,0,0,0,0,0,0,0,0,0,0,0,0,0,0.15,0.62,0,0.31,0,0,0,1.56,0.66526197707041
19.535595849349,0,0,0.11,0.11,0,0.22,0.11,0.11,0.22,0.89,0,0,0.44,0.44,0,4.68,0,1.56,0,0.11,1.11,0,1.75474964359415
12.6417586351777,0,0.69,0,0,0,0,0,0,1.39,0,0,0,0,0,0,0.23,0,0,0,0,0,0.23,0.394067063155795
13.454705989152,0,0,0,0,0,0,0,0,0,0,0,0,1.47,0,0,0,0,0,0,0,0,0,0.85526603003638
13.7873793745783,0,0.28,0.28,0,0,0.09,0,0,0.18,0.28,0,0,0,0,0.46,2.71,0,0.93,0,0,0,0,0.0237165266173161
11.9086898897196,0,0,0,0,0,0,0.76,0,2.29,0,0,0,0,0,0,3.05,0,0,0,0,0,0,0.195566783543975
12.1025189707049,0,0,0,0,0,0,0,0,0,0,0,0.44,0,0,0.44,0,0,0,0,0,0,0.44,0.618962282370569
15.4981384875877,0,0,0,0,2.5,0,0,0,0,0,0,0,0,1.25,0,0,0,0,0,0,0,0,1.26553815998409
31.4411518285721,0,0.44,0,0,0,0,0.44,0,0.44,0,0,0,0,0,0,0.44,0,0,8.81,0,0,0,1.98622915995766
19.071145215416,0,0,0,0,0,0,2.56,0,0,0,0,1.28,0,0,0,0,0,0,0,0,0,3.84,1.2895080924322
24.0410493696138,1,2.63,0,0,0.65,0,0,0,0.65,0,0,0,1.97,0,0,1.31,0,2.63,0,0,0.65,0,0.786182046527135
16.7654590933974,0,0,0,0,0,0,0.86,0,1.72,0.86,0,0,0,0,0,2.58,0,0.86,0,0,0,0,1.37523341376047
14.1555400381565,0,0,0,0,0,0,0,0,0,0,0,0,0,0,0,0,0,0,0,0,0,0,0.786182046527135
22.0366408505994,1,0,1.1,0.36,0,0,0,0.36,0.36,0,0,0,0.36,0,0,2.21,1.1,2.95,0,1.47,0,0,1.09861228866811
19.1146626203273,1,0,0,0,0,0,1.31,0,0,0,0,0,0,0,0,1.31,0,1.31,0,0,0,1.31,0.559615787935423
23.4569605250412,1,0,0.12,0,0,0,0.12,0,0.19,0,0,0.06,0.19,0.12,0,1.74,0.06,1.23,0,0.25,0.06,2.26,0.705075751425219
18.4498545107935,1,0.77,0,0,0,0,0,0,0,0,0,0,0,0,0,1.55,0,0.77,0,0,0.77,0,1.15057202759882
18.6468299158261,1,0.91,0.18,0,0,0,0,0,3.66,0.09,0,0,0,0.82,0,0.82,0,0.45,0,0,0,1.37,0.233489843368354
25.1310915927761,0,0,0.36,0,0.36,0.72,1.08,0.36,0.72,0,0.36,0,0.36,0.36,0.36,1.08,0,2.53,0,0,0,0,2.91235066461494
13.7000559012675,0,1.91,0,0,0,0,0,0,1.91,0,0,0,0.47,0,0,0,0,0,0,0,0,0,0.209450224182207
